area,level,classif
Incentives,System,Valuation
Management,System,Dissemination
Management,Organization,Dissemination
Management,System,Dissemination
Management,Organization,Dissemination
Management,Organization,Dissemination
Management,Organization,Dissemination
Management,System,Planning
Management,System,Planning
Management,System,Planning
Management,Organization,Dissemination
Management,Organization,Dissemination
Management,Organization,Dissemination
Management,Organization,Dissemination
Management,Organization,Dissemination
Management,Organization,Dissemination
Management,Organization,Dissemination
Management,Organization,Dissemination
Management,Organization,Dissemination
Politics and Power,System,Planning
Politics and Power,System,Valuation
Politics and Power,System,Planning
Politics and Power,System,Planning
Politics and Power,Organization,Valuation
Politics and Power,Organization,Valuation
Resources,System,Investment
Resources,System,Valuation
Resources,System,Investment
Resources,System,Planning
Resources,System,Planning
Resources,System,Planning
Resources,Organization,Planning
Resources,System,Planning
Resources,System,Planning
Resources,System,Production
Resources,System,Planning
Resources,Organization,Production
Resources,Organization,Production
Resources,Organization,Production
Resources,Organization,Production
Resources,System,Planning
Resources,System,Planning
Resources,Organization,Dissemination
Resources,Organization,Production
Resources,Organization,Production
Resources,Organization,Production
Resources,Organization,Dissemination
Resources,Organization,Dissemination
Resources,System,Dissemination
Resources,System,Dissemination
Resources,System,Planning
Resources,System,Dissemination
Resources,System,Planning
Resources,System,Investment
Resources,System,Planning
Resources,System,Planning
Resources,System,Planning
Resources,System,Planning
Resources,System,Planning
Resources,System,Planning
Resources,System,Planning
Resources,Organization,Production
Resources,System,Planning
Resources,System,Investment
Resources,System,Investment
Resources,System,Investment
Resources,System,Investment
Resources,System,Planning
Resources,System,Planning
Resources,Organization,Production
Resources,System,Investment
Resources,System,Investment
Resources,System,Investment
Resources,System,Investment
Resources,System,Planning
Skills & Knowledge,Organization,Production
Skills & Knowledge,Organization,Dissemination
Skills & Knowledge,Organization,Dissemination
Skills & Knowledge,Organization,Dissemination
Skills & Knowledge,Organization,Production
Skills & Knowledge,Organization,Dissemination
Skills & Knowledge,Organization,Production
Skills & Knowledge,Organization,Production
Skills & Knowledge,Organization,Production
Skills & Knowledge,Organization,Production
Skills & Knowledge,Organization,Production
Skills & Knowledge,Organization,Production
Skills & Knowledge,Organization,Production
Skills & Knowledge,Organization,Dissemination
Skills & Knowledge,Organization,Production
Skills & Knowledge,Organization,Production
Skills & Knowledge,Organization,Production
Skills & Knowledge,Organization,Production
Skills & Knowledge,Organization,Production
Skills & Knowledge,Organization,Production
Skills & Knowledge,System,Valuation
Skills & Knowledge,Organization,Production
Skills & Knowledge,Organization,Production
Skills & Knowledge,System,Valuation
Skills & Knowledge,Organization,Production
Skills & Knowledge,Organization,Production
Skills & Knowledge,Organization,Production
Skills & Knowledge,Organization,Production
Skills & Knowledge,Organization,Valuation
Skills & Knowledge,Organization,Production
Skills & Knowledge,Organization,Production
Skills & Knowledge,Organization,Production
Skills & Knowledge,Organization,Production
Skills & Knowledge,Organization,Production
Skills & Knowledge,Organization,Production
Skills & Knowledge,Organization,Production
Skills & Knowledge,Organization,Production
Skills & Knowledge,Organization,Production
Skills & Knowledge,Organization,Production
Skills & Knowledge,Organization,Production
Skills & Knowledge,Organization,Production
Skills & Knowledge,Organization,Production
Skills & Knowledge,Organization,Production
Skills & Knowledge,Organization,Dissemination
Skills & Knowledge,System,Planning
Skills & Knowledge,Organization,Valuation
Skills & Knowledge,Organization,Production
Skills & Knowledge,Organization,Production
Skills & Knowledge,Organization,Dissemination
Skills & Knowledge,Organization,Dissemination
Skills & Knowledge,Organization,Valuation
Skills & Knowledge,Organization,Dissemination
Skills & Knowledge,System,Valuation
Skills & Knowledge,System,Valuation
Skills & Knowledge,System,Valuation
Skills & Knowledge,System,Valuation
Skills & Knowledge,System,Valuation
Skills & Knowledge,System,Valuation
Skills & Knowledge,Organization,Production
